id,title,price,promo_price,url
3092803,Конструктор LEGO DUPLO Town Грузовой поезд (10875),13789,12399,https://www.detmir.ru/product/index/id/3092803/
3187781,Конструктор LEGO Minecraft Шахта крипера 21155,8989,,https://www.detmir.ru/product/index/id/3187781/
3405527,Конструктор LEGO DUPLO My First Поезд для животных 10955,1909,1329,https://www.detmir.ru/product/index/id/3405527/
3244569,Конструктор LEGO Super Mario Приключения вместе с Марио 71360,5989,3979,https://www.detmir.ru/product/index/id/3244569/
3596786,Конструктор LEGO Friends Волшебная акробатика 41686,2029,1299,https://www.detmir.ru/product/index/id/3596786/
3226557,Конструктор LEGO DUPLO Classic Коробка с кубиками большая 10914,5389,3999,https://www.detmir.ru/product/index/id/3226557/
3244472,Конструктор LEGO DUPLO Грузовик и гусеничный экскаватор 10931,2109,1599,https://www.detmir.ru/product/index/id/3244472/
3430415,Конструктор LEGO Technic Jeep Wrangler 42122,5629,,https://www.detmir.ru/product/index/id/3430415/
3596758,Конструктор LEGO DUPLO My First Поезд с цифрами-учимся считать 10954,1789,1499,https://www.detmir.ru/product/index/id/3596758/
3405639,Конструктор LEGO Minecraft Дом-свинья 21170,5629,4699,https://www.detmir.ru/product/index/id/3405639/
3226567,Конструктор LEGO DUPLO Town Дом модульный 10929,5989,4999,https://www.detmir.ru/product/index/id/3226567/
3596844,Конструктор LEGO Technic Ford F-150 Raptor 42126,16789,10295,https://www.detmir.ru/product/index/id/3596844/
3200884,Конструктор LEGO Technic Land Rover Defender 42110,20389,16999,https://www.detmir.ru/product/index/id/3200884/
3596761,Конструктор LEGO DUPLO Town Самолет и аэропорт 10961,2989,2399,https://www.detmir.ru/product/index/id/3596761/
3405588,Конструктор LEGO City Great Vehicles Отпуск в доме на колесах 60283,1789,1499,https://www.detmir.ru/product/index/id/3405588/
3620624,Конструктор LEGO Friends Серферский дом на берегу 41693,7789,6699,https://www.detmir.ru/product/index/id/3620624/
3092801,Конструктор LEGO DUPLO Town Железнодорожный мост (10872),2629,1999,https://www.detmir.ru/product/index/id/3092801/
3405578,Конструктор LEGO My City Современный дом для семьи 60291,5389,4199,https://www.detmir.ru/product/index/id/3405578/
3405535,Конструктор LEGO Classic Прозрачные кубики 11013,3109,1999,https://www.detmir.ru/product/index/id/3405535/
4058546,Конструктор LEGO Disney Princess 43201,2029,,https://www.detmir.ru/product/index/id/4058546/
3596883,Конструктор LEGO City Парк каскадёров 60293,2989,2499,https://www.detmir.ru/product/index/id/3596883/
3475284,Конструктор LEGO City Торговая улица 60306,7189,5999,https://www.detmir.ru/product/index/id/3475284/
3596771,Конструктор LEGO Creator Средневековый замок 31120,10789,8999,https://www.detmir.ru/product/index/id/3596771/
3405525,Конструктор LEGO DUPLO Classic Шкатулка-сердечко 10909,1909,,https://www.detmir.ru/product/index/id/3405525/
3596973,Конструктор LEGO Ninjago Сверхзвуковой самолёт 71739,10189,7999,https://www.detmir.ru/product/index/id/3596973/
3018843,Конструктор LEGO BOOST  Набор для конструирования и программирования (17101),16789,,https://www.detmir.ru/product/index/id/3018843/
3596790,Конструктор LEGO Friends Киоск на Волшебной ярмарке 41687,3109,2169,https://www.detmir.ru/product/index/id/3596790/
3596889,Конструктор LEGO City Stunt 60299,1789,1499,https://www.detmir.ru/product/index/id/3596889/
3405551,Конструктор LEGO Friends Торговый центр Хартлейк Сити 41450,11389,,https://www.detmir.ru/product/index/id/3405551/
3405548,Конструктор LEGO Friends Органическое кафе Хартлейк-Сити 41444,3109,2129,https://www.detmir.ru/product/index/id/3405548/
3244547,Конструктор LEGO Minions Миньоны и дом 75551,5629,,https://www.detmir.ru/product/index/id/3244547/
3226556,Конструктор LEGO DUPLO Classic Коробка с кубиками 10913,3109,,https://www.detmir.ru/product/index/id/3226556/
3405584,Конструктор LEGO City Fire Команда пожарных 60282,5989,5389,https://www.detmir.ru/product/index/id/3405584/
3596974,Конструктор LEGO Ninjago Дар Судьбы Решающая битва 71749,4309,2999,https://www.detmir.ru/product/index/id/3596974/
3405533,Конструктор LEGO DUPLO Disney Праздничный поезд Микки и Минни 10941,3109,,https://www.detmir.ru/product/index/id/3405533/
3405583,Конструктор LEGO City Fire Спасательный пожарный вертолёт 60281,2989,2499,https://www.detmir.ru/product/index/id/3405583/
3596759,Конструктор LEGO DUPLO Town Парк развлечений 10956,11989,9999,https://www.detmir.ru/product/index/id/3596759/
3405530,Конструктор LEGO DUPLO Town Фермерский трактор и животные 10950,1909,1599,https://www.detmir.ru/product/index/id/3405530/
3405550,Конструктор LEGO Friends Дом семьи Андреа 41449,7789,,https://www.detmir.ru/product/index/id/3405550/
3405531,Конструктор LEGO DUPLO Town Конюшня для лошади и пони 10951,2989,2399,https://www.detmir.ru/product/index/id/3405531/
3596885,Конструктор LEGO City Арена для шоу каскадёров 60295,10789,9599,https://www.detmir.ru/product/index/id/3596885/
3596784,Конструктор LEGO Friends Гранд-отель Хартлейк Сити 41684,11389,,https://www.detmir.ru/product/index/id/3596784/
3405528,Конструктор LEGO DUPLO My First Пожарный вертолет и полицейский автомобиль 10957,949,699,https://www.detmir.ru/product/index/id/3405528/
3405579,Конструктор LEGO My City Центр города 60292,10789,8499,https://www.detmir.ru/product/index/id/3405579/
3193108,Конструктор LEGO Disney Frozen Волшебный ледяной замок Эльзы 43172,7789,,https://www.detmir.ru/product/index/id/3193108/
3596920,Конструктор LEGO City Wildlife Спасательный внедорожник для зверей 60301,4549,3999,https://www.detmir.ru/product/index/id/3596920/
3405655,Конструктор LEGO Technic Ferrari 488 GTE 42125,20269,,https://www.detmir.ru/product/index/id/3405655/
3405626,Конструктор LEGO Ninjago Ниндзя-перехватчик Х-1 71737,5389,,https://www.detmir.ru/product/index/id/3405626/
3596717,Конструктор LEGO DUPLO Disney Дом и кафе Минни 10942,5389,4299,https://www.detmir.ru/product/index/id/3596717/
3777764,Конструктор LEGO City Occasions Новогодний календарь 60303,2029,,https://www.detmir.ru/product/index/id/3777764/
3244473,Конструктор LEGO DUPLO Бульдозер 10930,889,649,https://www.detmir.ru/product/index/id/3244473/
3596785,Конструктор LEGO Friends Американские горки на Волшебной ярмарке 41685,10189,8799,https://www.detmir.ru/product/index/id/3596785/
3596925,Конструктор LEGO Super Mario Стартовый набор Приключения вместе с Луиджи 71387,5989,5299,https://www.detmir.ru/product/index/id/3596925/
3405532,Конструктор LEGO DUPLO Town Фермерский трактор сарай и животные 10952,7789,5999,https://www.detmir.ru/product/index/id/3405532/
3405614,Конструктор LEGO Super Mario дополнительный набор загадочное испытание растения-пираньи 71382,3229,2099,https://www.detmir.ru/product/index/id/3405614/
3758560,Конструктор LEGO Star Wars Легкий имперский крейсер 75315,16189,,https://www.detmir.ru/product/index/id/3758560/
3596713,Конструктор LEGO Mickey and Friends Магазин мороженого Минни 10773,1909,1599,https://www.detmir.ru/product/index/id/3596713/
3405596,Конструктор LEGO Super Heroes Воздушное нападение Вечных 76145,1189,,https://www.detmir.ru/product/index/id/3405596/
3596714,Конструктор LEGO Mickey and Friends Космическая ракета Микки и Минни 10774,1909,1599,https://www.detmir.ru/product/index/id/3596714/
3244480,Конструктор LEGO DUPLO Башенный кран на стройке 10933,11989,,https://www.detmir.ru/product/index/id/3244480/
4058545,Конструктор LEGO Disney Princess 43200,2029,,https://www.detmir.ru/product/index/id/4058545/
3405555,Конструктор LEGO Friends Ветеринарная клиника Хартлейк-Сити 41446,4309,,https://www.detmir.ru/product/index/id/3405555/
3596884,Конструктор LEGO Грузовик для шоу каскадёров 60294,6589,5799,https://www.detmir.ru/product/index/id/3596884/
3200883,Конструктор LEGO Disney Frozen Олаф 41169,1299,649,https://www.detmir.ru/product/index/id/3200883/
3597030,Конструктор LEGO Super Heroes Корабль Стражей 76193,17749,,https://www.detmir.ru/product/index/id/3597030/
3985290,Конструктор LEGO Super Heroes Бэтмобиль Тумблер 76240,26389,,https://www.detmir.ru/product/index/id/3985290/
3596716,Конструктор LEGO DUPLO Super Heroes Штаб-квартира Человека-паука 10940,3109,2499,https://www.detmir.ru/product/index/id/3596716/
618981,Конструктор LEGO Classic Строительная пластина зеленого цвета (10700),829,599,https://www.detmir.ru/product/index/id/618981/
3596876,Конструктор LEGO Technic Полноприводный грузовик-внедорожник Mercedes-Benz Zetros 42129,31189,,https://www.detmir.ru/product/index/id/3596876/
3620627,Конструктор LEGO City Wildlife Лагерь спасения дикой природы 60307,10789,8499,https://www.detmir.ru/product/index/id/3620627/
3597051,Конструктор LEGO Jurassic World Побег стигимолоха 76939,4429,3899,https://www.detmir.ru/product/index/id/3597051/
3200882,Конструктор LEGO Disney Frozen Шкатулка Эльзы 41168,4309,3869,https://www.detmir.ru/product/index/id/3200882/
3596757,Конструктор LEGO DUPLO Town Гараж и автомойка 10948,10789,8499,https://www.detmir.ru/product/index/id/3596757/
3597052,Конструктор LEGO Jurassic World Скелет тираннозавра на выставке 76940,3349,,https://www.detmir.ru/product/index/id/3597052/
3405582,Конструктор LEGO City Fire Пожарная машина с лестницей 60280,1789,1499,https://www.detmir.ru/product/index/id/3405582/
3405636,Конструктор LEGO Minecraft Коралловый риф 21164,1189,,https://www.detmir.ru/product/index/id/3405636/
3233714,Конструктор LEGO DUPLO Большая строительная пластина 2304,1549,1299,https://www.detmir.ru/product/index/id/3233714/
3596756,Конструктор LEGO DUPLO Town Гоночные машины 10947,5389,3769,https://www.detmir.ru/product/index/id/3596756/
3405544,Конструктор LEGO Disney Princess Королевская карета Золушки 43192,4309,3869,https://www.detmir.ru/product/index/id/3405544/
3405599,Конструктор LEGO Super Heroes Взлёт Домо 76156,9589,,https://www.detmir.ru/product/index/id/3405599/
3405622,Конструктор LEGO Ninjago Деревня Хранителей 71747,5389,,https://www.detmir.ru/product/index/id/3405622/
3475287,Конструктор LEGO Friends Парк Хартлейк Сити 41447,4309,,https://www.detmir.ru/product/index/id/3475287/
3596755,Конструктор LEGO DUPLO Town Семейное приключение на микроавтобусе 10946,2989,,https://www.detmir.ru/product/index/id/3596755/
3596888,Конструктор LEGO City Stunt 60298,709,629,https://www.detmir.ru/product/index/id/3596888/
3599720,Конструктор LEGO VIDIYO Folk Fairy BeatBox (Битбокс Феи Фолка) 43110,1789,799,https://www.detmir.ru/product/index/id/3599720/
3405598,Конструктор LEGO Super Heroes Вечные перед лицом Аришема 76155,7789,6899,https://www.detmir.ru/product/index/id/3405598/
3405628,Конструктор LEGO Ninjago Легендарные битвы: Кай против Армии скелетов 71730,949,599,https://www.detmir.ru/product/index/id/3405628/
3596921,Конструктор LEGO City Wildlife 60302,10189,7999,https://www.detmir.ru/product/index/id/3596921/
3596878,Конструктор LEGO Disney Princess Книга сказочных приключений Ариэль Белль Золушки и Тианы 43193,2389,,https://www.detmir.ru/product/index/id/3596878/
3092804,Конструктор LEGO DUPLO Town Рельсы (10882),2149,,https://www.detmir.ru/product/index/id/3092804/
3244544,Конструктор LEGO Minions Тренировочный полёт 75547,3589,,https://www.detmir.ru/product/index/id/3244544/
3596977,Конструктор LEGO Ninjago Атака огненного дракона 71753,5389,,https://www.detmir.ru/product/index/id/3596977/
3475282,Конструктор LEGO DUPLO Classic Веселый день рождения 10958,6589,4999,https://www.detmir.ru/product/index/id/3475282/
3596782,Конструктор LEGO Friends Школа Хартлейк Сити 41682,7789,,https://www.detmir.ru/product/index/id/3596782/
618971,Строительная пластина LEGO Classic Серая (10701),1549,1299,https://www.detmir.ru/product/index/id/618971/
3596836,Конструктор LEGO Dots Большой набор Летнее настроение 41937,3109,,https://www.detmir.ru/product/index/id/3596836/
3226570,Конструктор LEGO Classic Кубики и домики 11008,1909,,https://www.detmir.ru/product/index/id/3226570/
3597021,Конструктор LEGO Star Wars Дуэль на Мандалоре 75310,2149,1499,https://www.detmir.ru/product/index/id/3597021/
3597053,Конструктор LEGO Jurassic World Погоня за карнотавром 76941,5509,,https://www.detmir.ru/product/index/id/3597053/
3596822,Конструктор LEGO Dots Подставка для карандашей 41936,2029,,https://www.detmir.ru/product/index/id/3596822/
3226650,Конструктор LEGO City Police Погоня на полицейском вертолете 60243,2989,2199,https://www.detmir.ru/product/index/id/3226650/
3244585,Конструктор LEGO Ninjago Истребитель Кая 71704,4309,,https://www.detmir.ru/product/index/id/3244585/
3596783,Конструктор LEGO Friends Лесной клуб верховой езды 41683,7789,6799,https://www.detmir.ru/product/index/id/3596783/
3405641,Конструктор LEGO Star Wars Испытание на Татуине 75299,3349,,https://www.detmir.ru/product/index/id/3405641/
3405529,Конструктор LEGO DUPLO Town Уход за животными на ферме 10949,889,749,https://www.detmir.ru/product/index/id/3405529/
3475286,Конструктор LEGO Friends Набор кубиков Хартлейк Сити 41431,4309,,https://www.detmir.ru/product/index/id/3475286/
3244546,Конструктор LEGO Minions Бойцы кунг-фу 75550,4429,2635,https://www.detmir.ru/product/index/id/3244546/
3405645,Конструктор LEGO Technic Фронтальный погрузчик 42116,1069,,https://www.detmir.ru/product/index/id/3405645/
3620623,Конструктор LEGO Mickey and Friends Ферма Микки и Дональда 10775,3109,2399,https://www.detmir.ru/product/index/id/3620623/
3594628,Конструктор LEGO Super Heroes Битва в древней деревне 76177,4429,3899,https://www.detmir.ru/product/index/id/3594628/
3244612,Конструктор LEGO Technic Самосвал Volvo 6*6 42114,27589,,https://www.detmir.ru/product/index/id/3244612/
3405649,Конструктор LEGO Technic Квадроцикл 42124,14989,11999,https://www.detmir.ru/product/index/id/3405649/
3498482,Конструктор LEGO Star Wars Истребитель Сопротивления типа X 75297,2149,,https://www.detmir.ru/product/index/id/3498482/
3405552,Конструктор LEGO Friends Пекарня Хартлейк-Сити 41440,1909,1239,https://www.detmir.ru/product/index/id/3405552/
3498483,Конструктор LEGO Star Wars Микрофайтеры AT-AT против таунтауна 75298,2149,,https://www.detmir.ru/product/index/id/3498483/
3244609,Конструктор LEGO MINDSTORMS EV3 Робот-изобретатель 51515,38389,,https://www.detmir.ru/product/index/id/3244609/
3777569,Конструктор LEGO Friends Новогодний календарь 41690,2389,,https://www.detmir.ru/product/index/id/3777569/
3498477,Конструктор LEGO Vidiyo Битбокс Диджея Пришельца 43104,1789,1159,https://www.detmir.ru/product/index/id/3498477/
3405577,Конструктор LEGO My City Скейт-парк 60290,3139,,https://www.detmir.ru/product/index/id/3405577/
3599722,Конструктор LEGO VIDIYO Robo HipHop Car (Машина Хип-Хоп Робота) 43112,2989,2259,https://www.detmir.ru/product/index/id/3599722/
3594633,Конструктор LEGO Star Wars Шлем пехотинца-разведчика 75305,5989,,https://www.detmir.ru/product/index/id/3594633/
3596882,Конструктор LEGO Disney Princess Ледяной замок 43197,23629,,https://www.detmir.ru/product/index/id/3596882/
3596769,Конструктор LEGO Creator Приключения на космическом шаттле 31117,5389,,https://www.detmir.ru/product/index/id/3596769/
3405619,Конструктор LEGO Ninjago Электрический робот Джея 71740,2029,1699,https://www.detmir.ru/product/index/id/3405619/
3597018,Конструктор LEGO Ninjago Водный дракон 71754,7789,,https://www.detmir.ru/product/index/id/3597018/
3405542,Конструктор LEGO Creator Пляжный домик серферов 31118,5389,,https://www.detmir.ru/product/index/id/3405542/
3166176,Конструктор LEGO Minifigures Серия Disney 2 71024,289,,https://www.detmir.ru/product/index/id/3166176/
3405557,Конструктор LEGO Friends Кьюб Эммы с далматинцем 41663,889,609,https://www.detmir.ru/product/index/id/3405557/
3405549,Конструктор LEGO Friends Кинотеатр Хартлейк-Сити 41448,5389,,https://www.detmir.ru/product/index/id/3405549/
3596763,Конструктор LEGO Classic Вокруг света 11015,5389,4499,https://www.detmir.ru/product/index/id/3596763/
3405534,Конструктор LEGO Jurassic World Побег динозавров: тираннозавр и трицератопс 10939,3109,,https://www.detmir.ru/product/index/id/3405534/
3596887,Конструктор LEGO City Stunt 60297,709,629,https://www.detmir.ru/product/index/id/3596887/
3405543,Конструктор LEGO Disney Princess Праздничный корабль Ариэль 43191,3109,,https://www.detmir.ru/product/index/id/3405543/
3405630,Конструктор LEGO Ninjago Легендарные битвы: Джей против воина-серпентина 71732,949,849,https://www.detmir.ru/product/index/id/3405630/
3597019,Конструктор LEGO Ninjago Храм Бескрайнего моря 71755,11989,9999,https://www.detmir.ru/product/index/id/3597019/
3599721,Конструктор LEGO VIDIYO Candy Castle Stage (Сцена карамельного замка) 43111,2989,2259,https://www.detmir.ru/product/index/id/3599721/
3239916,Набор для творчества LEGO DOTS Браслет Попугайчики 41912,529,299,https://www.detmir.ru/product/index/id/3239916/
3156354,Конструктор LEGO Marvel Super Heroes Лаборатория Железного человека 76125,6589,,https://www.detmir.ru/product/index/id/3156354/
3777767,Конструктор LEGO Harry Potter Новогодний календарь 76390,3109,,https://www.detmir.ru/product/index/id/3777767/
3594634,Конструктор LEGO Star Wars Имперский разведывательный дроид 75306,8389,,https://www.detmir.ru/product/index/id/3594634/
3596800,Конструктор LEGO Friends Волшебное колесо обозрения и горка 41689,6589,,https://www.detmir.ru/product/index/id/3596800/
3405546,Конструктор LEGO Disney Princess Книга сказочных приключений Эльзы и Нока 43189,2029,1349,https://www.detmir.ru/product/index/id/3405546/
3200890,Конструктор LEGO Star Wars Йода 75255,11389,,https://www.detmir.ru/product/index/id/3200890/
3596777,Конструктор LEGO Friends Кьюб для балета Стефани 41670,889,579,https://www.detmir.ru/product/index/id/3596777/
3144096,Конструктор LEGO Creator Обитатели морских глубин 31088,1669,,https://www.detmir.ru/product/index/id/3144096/
3405565,Конструктор LEGO Dots Креативный набор для праздника 41926,2389,,https://www.detmir.ru/product/index/id/3405565/
3244485,Конструктор LEGO Creator Отпуск в доме на колесах 31108,8989,,https://www.detmir.ru/product/index/id/3244485/
3596926,Конструктор LEGO Super Mario Падающая башня босса братца-сумо 71388,3229,2599,https://www.detmir.ru/product/index/id/3596926/
3405526,Конструктор LEGO DUPLO My First Единорог 10953,949,,https://www.detmir.ru/product/index/id/3405526/
3596972,Конструктор LEGO Ninjago Мотоцикл Кая 71734,949,799,https://www.detmir.ru/product/index/id/3596972/
3405644,Конструктор LEGO Star Wars Мандалорец и малыш 75317,2149,,https://www.detmir.ru/product/index/id/3405644/
3405553,Конструктор LEGO Friends Передвижной груминг-салон для кошек 41439,949,799,https://www.detmir.ru/product/index/id/3405553/
3405547,Конструктор LEGO Friends Электромобиль Оливии 41443,1549,1299,https://www.detmir.ru/product/index/id/3405547/
3597029,Конструктор LEGO Super Heroes «Мстители: Финал» — решающая битва 76192,10189,,https://www.detmir.ru/product/index/id/3597029/
3596770,Конструктор LEGO Creator Колесо обозрения 31119,10189,,https://www.detmir.ru/product/index/id/3596770/
3596711,Конструктор LEGO Mickey and Friends Винтовой самолёт Микки 10772,949,,https://www.detmir.ru/product/index/id/3596711/
3405607,Конструктор LEGO Super Heroes 76170,2149,,https://www.detmir.ru/product/index/id/3405607/
3594627,Конструктор LEGO Super Heroes Побег от Десяти колец 76176,3349,,https://www.detmir.ru/product/index/id/3594627/
3498476,Конструктор LEGO Vidiyo Битбокс Пирата Панка 43103,1789,1149,https://www.detmir.ru/product/index/id/3498476/
3596796,Конструктор LEGO Friends Волшебный фургон 41688,5389,4599,https://www.detmir.ru/product/index/id/3596796/
3597048,Конструктор LEGO Speed Champions McLaren Elva 76902,2149,,https://www.detmir.ru/product/index/id/3597048/
3596774,Конструктор LEGO Friends Кьюб Оливии для игр 41667,889,799,https://www.detmir.ru/product/index/id/3596774/
3099183,Конструктор LEGO City Trains Рельсы 60205,1789,,https://www.detmir.ru/product/index/id/3099183/
3200881,Конструктор LEGO Disney Frozen Деревня в Эренделле 41167,8989,,https://www.detmir.ru/product/index/id/3200881/
3596778,Конструктор LEGO Friends Кьюб Андреа для плавания 41671,889,699,https://www.detmir.ru/product/index/id/3596778/
3597050,Конструктор LEGO Speed Champions Mopar Dodge//SRT Top Fuel Dragster and 1970 Dodge Challenger T/A 76904,6589,,https://www.detmir.ru/product/index/id/3597050/
3594626,Конструктор LEGO Minifigures Минифигурки Looney Tunes в непрозрачной упаковке (Сюрприз)71030,329,,https://www.detmir.ru/product/index/id/3594626/
3244576,Конструктор LEGO Super Mario Огневой налёт Билла-банзай 71366,3229,2099,https://www.detmir.ru/product/index/id/3244576/
3405560,Конструктор LEGO Friends Кьюб Андреа с кроликом 41666,889,619,https://www.detmir.ru/product/index/id/3405560/
3226632,Конструктор LEGO Technic Гоночный автомобиль Top Gear 42109,14989,,https://www.detmir.ru/product/index/id/3226632/
3405632,Конструктор LEGO Harry Potter Учёба в Хогвартсе Урок трансфигурации 76382,3349,,https://www.detmir.ru/product/index/id/3405632/
3596715,Конструктор LEGO Mickey and Friends Пожарная часть и машина Микки и его друзей 10776,5389,3769,https://www.detmir.ru/product/index/id/3596715/
3405580,Конструктор LEGO City Town Дорожные пластины 60304,1789,1599,https://www.detmir.ru/product/index/id/3405580/
3599719,Конструктор LEGO VIDIYO Metal Dragon BeatBox (Битбокс Дракона-Металлиста) 43109,1789,1349,https://www.detmir.ru/product/index/id/3599719/
3405592,Конструктор LEGO City Great Vehicles Трактор 60287,1789,1499,https://www.detmir.ru/product/index/id/3405592/
3498474,Конструктор LEGO Vidiyo Бэндмейты 43101,469,409,https://www.detmir.ru/product/index/id/3498474/
3405654,Конструктор LEGO Technic Bugatti Chiron 42083,41869,,https://www.detmir.ru/product/index/id/3405654/
3596747,Конструктор LEGO DUPLO Town Мусоровоз и контейнеры для раздельного сбора мусора 10945,1789,,https://www.detmir.ru/product/index/id/3596747/
3018899,Конструктор LEGO Синяя базовая пластина Classic (10714),709,491,https://www.detmir.ru/product/index/id/3018899/
3181586,Конструктор LEGO Star Wars Спасение Люка на планете Хот 75203,3589,,https://www.detmir.ru/product/index/id/3181586/
3226561,Конструктор LEGO DUPLO Princess Чаепитие у Эльзы и Олафа 10920,2029,,https://www.detmir.ru/product/index/id/3226561/
3405620,Конструктор LEGO Ninjago Мотоцикл Ллойда для джунглей 71745,2029,,https://www.detmir.ru/product/index/id/3405620/
3244543,Конструктор LEGO Minions Миньоны в лаборатории Грю 75546,2149,,https://www.detmir.ru/product/index/id/3244543/
3405616,Конструктор LEGO Super Mario набор усилений Марио-пингвин 71384,1069,739,https://www.detmir.ru/product/index/id/3405616/
3188096,Конструктор LEGO DUPLO Princess Ледяной замок 10899,5389,4849,https://www.detmir.ru/product/index/id/3188096/
3226648,Конструктор LEGO City Police Полицейский отряд с собакой 60241,889,799,https://www.detmir.ru/product/index/id/3226648/
3156351,Конструктор LEGO 4+ Парк аттракционов Базза и Вуди 10770,4789,3879,https://www.detmir.ru/product/index/id/3156351/
3405595,Конструктор LEGO Minifigures Минифигурки Серия 21 71029,289,,https://www.detmir.ru/product/index/id/3405595/
3405576,Конструктор LEGO Dots Браслет Музыка 41933,589,,https://www.detmir.ru/product/index/id/3405576/
3596890,Конструктор LEGO City Wildlife Спасательный вездеход для зверей 60300,889,799,https://www.detmir.ru/product/index/id/3596890/
3156347,Конструктор LEGO 4+ Трюковое шоу Дюка Бубумса 10767,1789,1449,https://www.detmir.ru/product/index/id/3156347/
3226725,Конструктор LEGO Star Wars Истребитель Сид ситхов 75272,7569,,https://www.detmir.ru/product/index/id/3226725/
3889880,Конструктор LEGO Super Heroes Человек-паук против атаки дронов Мистерио 76184,2149,,https://www.detmir.ru/product/index/id/3889880/
3596976,Конструктор LEGO Ninjago Спидер-амфибия ниндзя 71752,4309,,https://www.detmir.ru/product/index/id/3596976/
3226681,Конструктор LEGO City Great Vehicles Транспортировщик скоростных катеров 60254,2989,2499,https://www.detmir.ru/product/index/id/3226681/
3596843,Конструктор LEGO Dots Брелок для сумки Единорог 41940,649,,https://www.detmir.ru/product/index/id/3596843/
3405545,Конструктор LEGO Disney Princess Саламандра Бруни 43186,1309,,https://www.detmir.ru/product/index/id/3405545/
3244551,Конструктор LEGO Super Heroes Геликарриер 76153,13789,,https://www.detmir.ru/product/index/id/3244551/
3405629,Конструктор LEGO Ninjago Легендарные битвы: Зейн против Ниндроида 71731,949,,https://www.detmir.ru/product/index/id/3405629/
3244582,Конструктор LEGO Super Mario Марио-кот 71372,1069,,https://www.detmir.ru/product/index/id/3244582/
3599724,Конструктор LEGO VIDIYO Punk Pirate Ship (Корабль Пирата Панка) 43114,7189,5419,https://www.detmir.ru/product/index/id/3599724/
3405558,Конструктор LEGO Friends Кьюб Мии с мопсом 41664,889,589,https://www.detmir.ru/product/index/id/3405558/
3498473,Конструктор LEGO Disney Princess Лодка Буна 43185,5509,,https://www.detmir.ru/product/index/id/3498473/
3597026,Конструктор LEGO Super Heroes Битва Капитана Америка с Гидрой 76189,1069,,https://www.detmir.ru/product/index/id/3597026/
3498481,Конструктор LEGO Vidiyo Битбокс Хип-Хоп Робота 43107,1789,1459,https://www.detmir.ru/product/index/id/3498481/
3599723,Конструктор LEGO VIDIYO K-Pawp Concert (Концерт в стиле К-поп) 43113,5389,3789,https://www.detmir.ru/product/index/id/3599723/
3596772,Конструктор LEGO Friends Тренировка лошади и прицеп для перевозки 41441,2989,2499,https://www.detmir.ru/product/index/id/3596772/
3405539,Конструктор LEGO Creator Супербайк 31114,2149,1799,https://www.detmir.ru/product/index/id/3405539/
3405612,Конструктор LEGO Super Mario Твои уровни! Твои приключения! 71380,6589,,https://www.detmir.ru/product/index/id/3405612/
3226558,Конструктор LEGO DUPLO Грузовик Алфавит 10915,2989,,https://www.detmir.ru/product/index/id/3226558/
3244511,Конструктор LEGO Friends Пляжный домик 41428,5389,,https://www.detmir.ru/product/index/id/3244511/
3244549,Конструктор LEGO Super Heroes Халкбастер против агента А.И.М. 76164,4429,,https://www.detmir.ru/product/index/id/3244549/
619011,Конструктор LEGO Classic Набор для творчества среднего размера (10696),2989,,https://www.detmir.ru/product/index/id/619011/
3144089,Конструктор LEGO Classic Базовый набор кубиков 11002,1909,,https://www.detmir.ru/product/index/id/3144089/
3405631,Конструктор LEGO Ninjago Легендарные битвы: Коул против Призрачного воина 71733,949,,https://www.detmir.ru/product/index/id/3405631/
3405617,Конструктор LEGO Super Mario набор усилений Марио Тануки 71385,1069,709,https://www.detmir.ru/product/index/id/3405617/
3244584,Конструктор LEGO Ninjago Бой на штормовом истребителе 71703,3109,,https://www.detmir.ru/product/index/id/3244584/
3200859,Конструктор LEGO Disney Frozen Дорожные приключения Эльзы 41166,3109,,https://www.detmir.ru/product/index/id/3200859/
3498479,Конструктор LEGO Vidiyo Битбокс Любителя вечеринок Л.Л.А.М.А 43105,1789,1349,https://www.detmir.ru/product/index/id/3498479/
3108625,Конструктор LEGO City Trains Железнодорожные стрелки 60238,2149,,https://www.detmir.ru/product/index/id/3108625/
3334779,Конструктор LEGO Disney Princess Башня Рапунцель 43187,6589,5799,https://www.detmir.ru/product/index/id/3334779/
3596975,Конструктор LEGO Ninjago Водный робот Ллойда 71750,2029,,https://www.detmir.ru/product/index/id/3596975/
3226594,Конструктор LEGO Creator Городской магазин игрушек 31105,4429,,https://www.detmir.ru/product/index/id/3226594/
3596970,Конструктор LEGO Super Mario Марио-лягушка 71392,1069,899,https://www.detmir.ru/product/index/id/3596970/
3596818,Конструктор LEGO Dots Большой набор тайлов 41935,2149,1799,https://www.detmir.ru/product/index/id/3596818/
3405640,Конструктор LEGO Star Wars Микрофайтеры Сокол тысячелетия 75295,1069,,https://www.detmir.ru/product/index/id/3405640/
3890016,Конструктор LEGO Super Heroes Маска Бэтмена из классического сериала 76238,7189,,https://www.detmir.ru/product/index/id/3890016/
3405541,Конструктор LEGO Creator Домик на дереве для сафари 31116,3229,,https://www.detmir.ru/product/index/id/3405541/
3226565,Конструктор LEGO DUPLO Town Киоск-пиццерия 10927,889,749,https://www.detmir.ru/product/index/id/3226565/
3597049,Конструктор LEGO Speed Champions Chevrolet Corvette C8.R Race Car and 1968 Chevrolet Corvette 76903,4429,,https://www.detmir.ru/product/index/id/3597049/
3596776,Конструктор LEGO Friends Футбольный кьюб Мии 41669,889,759,https://www.detmir.ru/product/index/id/3596776/
3777768,Конструктор LEGO Минифигурки в непрозрачной упаковке (Сюрприз) 71031,329,,https://www.detmir.ru/product/index/id/3777768/
3334780,Конструктор LEGO Disney Princess Лесной домик Спящей красавицы 43188,4309,,https://www.detmir.ru/product/index/id/3334780/
3175847,Конструктор LEGO Creator Ярмарочная карусель 31095,4549,,https://www.detmir.ru/product/index/id/3175847/
3244527,Конструктор LEGO Dots Браслет Мороженое 41910,649,,https://www.detmir.ru/product/index/id/3244527/
3244575,Конструктор LEGO Super Mario Мощная атака Растения-пираньи 71365,3229,,https://www.detmir.ru/product/index/id/3244575/
3405556,Конструктор LEGO Friends Кьюб Оливии с фламинго 41662,889,609,https://www.detmir.ru/product/index/id/3405556/
3596779,Конструктор LEGO Friends Лесной водопад 41677,949,799,https://www.detmir.ru/product/index/id/3596779/
3226634,Конструктор LEGO Disney Princess Королевская карета Авроры 43173,889,,https://www.detmir.ru/product/index/id/3226634/
3405613,Конструктор LEGO Super Mario дополнительный набор Кусалкин на цепи-встреча в джунглях 71381,2629,,https://www.detmir.ru/product/index/id/3405613/
3597034,Конструктор LEGO Harry Potter Визит в деревню Хогсмид 76388,8989,,https://www.detmir.ru/product/index/id/3597034/
3142201,Конструктор LEGO Movie Набор кинорежиссёра 70820,4549,,https://www.detmir.ru/product/index/id/3142201/
3226571,Конструктор LEGO Classic Пластина базовая Белая 11010,709,,https://www.detmir.ru/product/index/id/3226571/
3244581,Конструктор LEGO Super Mario Марио-вертолет 71371,1069,,https://www.detmir.ru/product/index/id/3244581/
3405566,Конструктор LEGO Dots Браслет Звёздное небо 41934,629,,https://www.detmir.ru/product/index/id/3405566/
3405615,Конструктор LEGO Super Mario дополнительный набор ядовитое болото егозы 71383,4429,,https://www.detmir.ru/product/index/id/3405615/
3244600,Конструктор LEGO Minecraft Набор для творчества 3.0 21161,8989,,https://www.detmir.ru/product/index/id/3244600/
3142205,Конструктор LEGO Movie Познакомьтесь с королевой Многоликой Прекрасной 70824,1789,1199,https://www.detmir.ru/product/index/id/3142205/
3596842,Конструктор LEGO Dots Брелок для сумки Дракон 41939,649,,https://www.detmir.ru/product/index/id/3596842/
3104158,Конструктор LEGO Unikitty Велосипед принца Паппикорна 41452,1309,999,https://www.detmir.ru/product/index/id/3104158/
3405572,Конструктор LEGO Dots Брелок Нарвал 41928,649,,https://www.detmir.ru/product/index/id/3405572/
3596840,Конструктор LEGO DOTS Творческий набор для дизайнера 41938,4309,3699,https://www.detmir.ru/product/index/id/3596840/
3405633,Конструктор LEGO Harry Potter Учёба в Хогвартсе Урок зельеварения 76383,3349,,https://www.detmir.ru/product/index/id/3405633/
619041,Конструктор LEGO Classic Набор для творчества (10692),1549,,https://www.detmir.ru/product/index/id/619041/
3234225,Конструктор LEGO Trolls Путешествие Розочки на воздушном шаре 41252,3589,3307,https://www.detmir.ru/product/index/id/3234225/
3758558,Конструктор LEGO Super Mario Фигурки персонажей серия 3 71394,349,,https://www.detmir.ru/product/index/id/3758558/
3244528,Конструктор LEGO Dots Браслеты Приключения 41918,649,,https://www.detmir.ru/product/index/id/3244528/
3226666,Конструктор LEGO City Fire Пожарный спасательный вертолет 60248,2389,,https://www.detmir.ru/product/index/id/3226666/
3596971,Конструктор LEGO Super Mario Марио-пчела 71393,1069,899,https://www.detmir.ru/product/index/id/3596971/
3226693,Конструктор LEGO City Nitro Wheels Гоночные автомобили 60256,2389,2149,https://www.detmir.ru/product/index/id/3226693/
3226647,Конструктор LEGO Disney Princess Праздник в замке Золушки 43178,2989,,https://www.detmir.ru/product/index/id/3226647/
3405573,Конструктор LEGO Dots Брелок Леопард 41929,649,,https://www.detmir.ru/product/index/id/3405573/
3244529,Конструктор LEGO Dots Фоторамки 41914,2109,,https://www.detmir.ru/product/index/id/3244529/
3244580,Конструктор LEGO Super Mario Марио-пожарный 71370,1069,,https://www.detmir.ru/product/index/id/3244580/
3142206,Конструктор LEGO Movie Шкатулка королевы Многолики Собери что хочешь 70825,3589,,https://www.detmir.ru/product/index/id/3142206/
3405561,Конструктор LEGO Dots Тайлы — серия 3 41921,349,,https://www.detmir.ru/product/index/id/3405561/
3226645,Конструктор LEGO Disney Princess Книга приключений Ариэль 43176,2029,,https://www.detmir.ru/product/index/id/3226645/
3596927,Конструктор LEGO Super Mario Небесный мир лакиту 71389,4429,,https://www.detmir.ru/product/index/id/3596927/
3405618,Конструктор LEGO Super Mario фигурки персонажей 71386,349,,https://www.detmir.ru/product/index/id/3405618/
3244555,Конструктор LEGO Super Heroes Чудо-женщина против Гепарды 76157,4189,,https://www.detmir.ru/product/index/id/3244555/
3405569,Конструктор LEGO Dots Брелок Щенок 41927,649,,https://www.detmir.ru/product/index/id/3405569/
3194226,Конструктор LEGO Minifigures Серия 19 в непрозрачной упаковке (Сюрприз) 71025,289,,https://www.detmir.ru/product/index/id/3194226/
3244535,Конструктор LEGO City Воздушная гонка 60260,2989,,https://www.detmir.ru/product/index/id/3244535/
3596775,Конструктор LEGO Friends Модный кьюб Эммы 41668,889,,https://www.detmir.ru/product/index/id/3596775/
3405574,Конструктор LEGO Dots Брелок Панда 41930,649,,https://www.detmir.ru/product/index/id/3405574/
3498475,Конструктор LEGO Vidiyo Битбокс Карамельной Русалки 43102,1789,1109,https://www.detmir.ru/product/index/id/3498475/
3244583,Конструктор LEGO Super Mario Марио-строитель 71373,1069,,https://www.detmir.ru/product/index/id/3244583/
3226643,Конструктор LEGO Disney Princess Книга приключений Мулан 43174,1909,,https://www.detmir.ru/product/index/id/3226643/
3596880,Конструктор LEGO Disney Princess Королевская конюшня Белль и Рапунцель 43195,5509,,https://www.detmir.ru/product/index/id/3596880/
3244515,Конструктор LEGO Friends Цветочный сад Оливии 41425,949,,https://www.detmir.ru/product/index/id/3244515/
3226568,Конструктор LEGO Classic Синий 11006,469,,https://www.detmir.ru/product/index/id/3226568/
3187779,Конструктор LEGO Minecraft Шерстяная ферма 21153,2149,,https://www.detmir.ru/product/index/id/3187779/
3200856,Конструктор LEGO Disney Frozen Заколдованный домик на дереве 41164,5389,,https://www.detmir.ru/product/index/id/3200856/
3226677,Конструктор LEGO City Great Vehicles Машина для очистки улиц 60249,889,799,https://www.detmir.ru/product/index/id/3226677/
3156360,Конструктор LEGO Star Wars Разрушение генераторов на Хоте 75239,2749,,https://www.detmir.ru/product/index/id/3156360/
3405590,Конструктор LEGO City Great Vehicles Спортивный автомобиль 60285,889,,https://www.detmir.ru/product/index/id/3405590/
3226569,Конструктор LEGO Classic Зеленый 11007,469,,https://www.detmir.ru/product/index/id/3226569/
3594629,Конструктор LEGO Super Heroes Бэтмен против Джокера погоня на Бэтмобиле 76180,3349,,https://www.detmir.ru/product/index/id/3594629/
3244487,Конструктор LEGO Disney Princess Зимний праздник в замке Белль 43180,5149,,https://www.detmir.ru/product/index/id/3244487/
3156348,Конструктор LEGO 4+ Приключения Базза и Бо Пип на детской площадке 10768,2629,2199,https://www.detmir.ru/product/index/id/3156348/
3144103,Конструктор LEGO Disney Princess Башенка Жасмин 41158,1189,,https://www.detmir.ru/product/index/id/3144103/
3988995,Конструктор LEGO Art Творческий проект Создаем вместе 21226,11989,9999,https://www.detmir.ru/product/index/id/3988995/
3244524,Конструктор LEGO Dots Браслет Чемпионки 41911,589,,https://www.detmir.ru/product/index/id/3244524/
3239830,Набор для творчества LEGO DOTS Браслет Радуга 41900,529,,https://www.detmir.ru/product/index/id/3239830/
3234223,Конструктор LEGO Trolls Вечеринка на техно-рифе 41250,2389,,https://www.detmir.ru/product/index/id/3234223/
3405594,Конструктор LEGO City Great Vehicles Транспортировка самолёта на авиашоу 60289,2989,,https://www.detmir.ru/product/index/id/3405594/
3596881,Конструктор LEGO Disney Princess Замок Белль и Чудовища 43196,8989,,https://www.detmir.ru/product/index/id/3596881/
3597028,Конструктор LEGO Super Heroes Перчатка бесконечности 76191,8389,,https://www.detmir.ru/product/index/id/3597028/
3498480,Конструктор LEGO Vidiyo Битбокс Диджея Единорога 43106,1789,1499,https://www.detmir.ru/product/index/id/3498480/
3239910,Набор для творчества LEGO DOTS Браслет Сверкающий единорог 41902,579,,https://www.detmir.ru/product/index/id/3239910/
3244523,Конструктор LEGO Dots Тайлы Dots 41916,289,,https://www.detmir.ru/product/index/id/3244523/
3244526,Конструктор LEGO Dots Браслет Русалочка 41909,649,,https://www.detmir.ru/product/index/id/3244526/
3244578,Конструктор LEGO Super Mario Погоня за сокровищами Тоада 71368,7789,,https://www.detmir.ru/product/index/id/3244578/
3226566,Конструктор LEGO DUPLO Town Пекарня 10928,4069,,https://www.detmir.ru/product/index/id/3226566/
3599725,Конструктор LEGO VIDIYO The Boombox (Бумбокс) 43115,10789,7679,https://www.detmir.ru/product/index/id/3599725/
3405562,Конструктор LEGO Dots Браслет Монстры 41923,629,,https://www.detmir.ru/product/index/id/3405562/
3156345,Конструктор LEGO 4+ Вуди на машине 10766,949,,https://www.detmir.ru/product/index/id/3156345/
3226563,Конструктор LEGO DUPLO Town Игровая комната 10925,1549,,https://www.detmir.ru/product/index/id/3226563/
3596804,Конструктор LEGO DOTS Тайлы DOTS — серия 5 41932,349,,https://www.detmir.ru/product/index/id/3596804/
3104160,Конструктор LEGO Unikitty Лаборатория доктора Фокса 41454,3589,,https://www.detmir.ru/product/index/id/3104160/
3142211,Конструктор LEGO Movie Падруженский Звездолёт Мими Катавасии 70830,6349,,https://www.detmir.ru/product/index/id/3142211/
3226564,Конструктор LEGO DUPLO Town Спальня 10926,1549,,https://www.detmir.ru/product/index/id/3226564/
3239915,Набор для творчества LEGO DOTS дополнительные элементы 109деталей 41908,289,,https://www.detmir.ru/product/index/id/3239915/
3244531,Конструктор LEGO City Мини-подлодка 60263,889,,https://www.detmir.ru/product/index/id/3244531/
3244479,Конструктор LEGO DUPLO Шаровой таран 10932,5989,,https://www.detmir.ru/product/index/id/3244479/
3244507,Конструктор LEGO Friends Спасение слонёнка 41421,2029,,https://www.detmir.ru/product/index/id/3244507/
3239911,Набор для творчества LEGO DOTS Браслет Космические чудеса 41903,579,,https://www.detmir.ru/product/index/id/3239911/
3226702,Конструктор LEGO Minifigures DC Super Heroes Series 71026,289,,https://www.detmir.ru/product/index/id/3226702/
3244577,Конструктор LEGO Super Mario Дом Марио и Йоши 71367,3229,2699,https://www.detmir.ru/product/index/id/3244577/
3405575,Конструктор LEGO Dots Тайлы — серия 4 41931,349,,https://www.detmir.ru/product/index/id/3405575/
3226593,Конструктор LEGO Creator Грузовик Монстрбургер 31104,5389,,https://www.detmir.ru/product/index/id/3226593/
3142018,Конструктор LEGO DUPLO Movie 2 TLM2 10895,2629,,https://www.detmir.ru/product/index/id/3142018/
3239909,Набор для творчества LEGO DOTS Браслет Забавные животные 41901,579,,https://www.detmir.ru/product/index/id/3239909/
3142039,Конструктор LEGO Friends Шоу талантов 41368,4789,,https://www.detmir.ru/product/index/id/3142039/
3144108,Конструктор LEGO Disney Princess Башенка Рапунцель 41163,1189,,https://www.detmir.ru/product/index/id/3144108/
3244618,Конструктор LEGO Dots Браслет молния 41919,589,,https://www.detmir.ru/product/index/id/3244618/
3175842,Конструктор LEGO DUPLO Disney Летний домик Микки 10889,5029,,https://www.detmir.ru/product/index/id/3175842/
3244573,Конструктор LEGO Super Mario Поки из пустыни 71363,2149,,https://www.detmir.ru/product/index/id/3244573/
3142021,Конструктор LEGO DUPLO Town Полицейский мотоцикл 10900,889,,https://www.detmir.ru/product/index/id/3142021/
3244619,Конструктор LEGO Dots Настольный набор 41907,2109,,https://www.detmir.ru/product/index/id/3244619/
3145497,Конструктор LEGO Minifigures Фильм 2 в непрозрачной упаковке (Сюрприз) 71023,229,,https://www.detmir.ru/product/index/id/3145497/
3226646,Конструктор LEGO Disney Princess Книга приключений Белль 43177,2029,,https://www.detmir.ru/product/index/id/3226646/
3234227,Конструктор LEGO Trolls Концерт в городе Рок-на-Вулкане 41254,4429,,https://www.detmir.ru/product/index/id/3234227/
3244514,Конструктор LEGO Friends Дом Стефани 41398,3949,,https://www.detmir.ru/product/index/id/3244514/
3142203,Конструктор LEGO Movie Самые лучшие друзья Кисоньки 70822,889,,https://www.detmir.ru/product/index/id/3142203/
3156350,Конструктор LEGO 4+ История игрушек-4 Весёлый отпуск 10769,3349,,https://www.detmir.ru/product/index/id/3156350/
3234226,Конструктор LEGO Trolls Приключение на плоту в Кантри-тауне 41253,2989,,https://www.detmir.ru/product/index/id/3234226/
3405554,Конструктор LEGO Friends Машина скорой ветеринарной помощи 41445,3109,,https://www.detmir.ru/product/index/id/3405554/
3175851,Конструктор LEGO Friends Супермаркет Хартлейк Сити 41362,2749,,https://www.detmir.ru/product/index/id/3175851/
3175945,Конструктор LEGO Friends Летняя шкатулка-сердечко для Оливии 41387,709,,https://www.detmir.ru/product/index/id/3175945/
3144088,Конструктор LEGO Classic Модели из кубиков 11001,949,,https://www.detmir.ru/product/index/id/3144088/
3104157,Конструктор LEGO Unikitty Машина-облако Юникитти 41451,1309,,https://www.detmir.ru/product/index/id/3104157/
3244519,Конструктор LEGO Friends Летняя шкатулка Стефани 41411,829,,https://www.detmir.ru/product/index/id/3244519/
2997142,Конструктор LEGO Constraction Star Wars Рей (75528),2389,,https://www.detmir.ru/product/index/id/2997142/
3251242,Конструктор LEGO Friends Игровая шкатулка Покупки Мии 41408,829,,https://www.detmir.ru/product/index/id/3251242/
2716151,Конструктор LEGO DC Super Hero Girls Дом Харли Квинн (41236),2029,,https://www.detmir.ru/product/index/id/2716151/
3142020,Конструктор LEGO DUPLO Disney Мой первый Микки 1089,949,,https://www.detmir.ru/product/index/id/3142020/
3405591,Конструктор LEGO City Great Vehicles Пляжный спасательный вездеход 60286,889,,https://www.detmir.ru/product/index/id/3405591/
3251243,Конструктор LEGO Friends Игровая шкатулка Покупки Эммы 41409,829,,https://www.detmir.ru/product/index/id/3251243/
3142014,Конструктор LEGO DUPLO My First Мои первые цирковые животные 10884,1549,,https://www.detmir.ru/product/index/id/3142014/
3244521,Конструктор LEGO Friends Летняя шкатулка Мии 41413,829,,https://www.detmir.ru/product/index/id/3244521/
3251239,Конструктор LEGO Friends Игровая шкатулка Покупки Андреа 41405,919,,https://www.detmir.ru/product/index/id/3251239/
3142034,Конструктор LEGO Friends Приключения Мии в лесу 41363,1189,,https://www.detmir.ru/product/index/id/3142034/
2496871,Конструктор LEGO Nexo Knights Комбо NEXO Силы - 1 полугодие (70372),349,,https://www.detmir.ru/product/index/id/2496871/
3244617,Конструктор LEGO Dots Браслет волшебный лес 41917,579,,https://www.detmir.ru/product/index/id/3244617/
3226560,Конструктор LEGO DUPLO My First Буксировщик 10918,409,,https://www.detmir.ru/product/index/id/3226560/
3175870,Конструктор LEGO Friends Летняя шкатулка-сердечко для Андреа 41384,709,,https://www.detmir.ru/product/index/id/3175870/
3244518,Конструктор LEGO Friends Летняя шкатулка Андреа 41410,829,,https://www.detmir.ru/product/index/id/3244518/
3251241,Конструктор LEGO Friends Игровая шкатулка Покупки Оливии 41407,829,,https://www.detmir.ru/product/index/id/3251241/
1639901,Конструктор LEGO DUPLO Miles Космические приключения Майлза (10824),2029,,https://www.detmir.ru/product/index/id/1639901/
1981981,Конструктор LEGO Star Wars TM Столкновение на Джакку™ (75148),7189,,https://www.detmir.ru/product/index/id/1981981/
2496481,Конструктор LEGO DC Super Hero Girls Танк Лашины™ (41233),1429,,https://www.detmir.ru/product/index/id/2496481/
2496491,Конструктор LEGO DC Super Hero Girls Школа супергероев (41232),7789,,https://www.detmir.ru/product/index/id/2496491/
2716641,Конструктор LEGO Nexo Knights Комбо-силы NEXO (70373),349,,https://www.detmir.ru/product/index/id/2716641/
2954071,Конструктор LEGO DUPLO Town Большой парк аттракционов (10840),8269,,https://www.detmir.ru/product/index/id/2954071/
3018870,Конструктор LEGO Учебный день Мулан Disney Princess (41151),1189,,https://www.detmir.ru/product/index/id/3018870/
3092814,Конструктор LEGO Friends Шкатулка дружбы 41346,4549,,https://www.detmir.ru/product/index/id/3092814/
3104159,Конструктор LEGO Unikitty Вечеринка 41453,2629,,https://www.detmir.ru/product/index/id/3104159/
3142026,Конструктор LEGO Friends Шкатулка-сердечко Андреа 41354,709,,https://www.detmir.ru/product/index/id/3142026/
3142029,Конструктор LEGO Friends Шкатулка-сердечко Оливии 41357,709,,https://www.detmir.ru/product/index/id/3142029/
3142209,Конструктор LEGO Movie Автобус для вечеринки 70828,8389,,https://www.detmir.ru/product/index/id/3142209/
3175932,Конструктор LEGO Friends Летняя шкатулка-сердечко для Стефани 41386,709,,https://www.detmir.ru/product/index/id/3175932/
3176016,Конструктор LEGO DC Super Heroes Вторжение Глиноликого в бэт-пещеру 76122,10189,,https://www.detmir.ru/product/index/id/3176016/
3200858,Конструктор LEGO Disney Frozen Экспедиция Анны на каноэ 41165,2029,,https://www.detmir.ru/product/index/id/3200858/
3226608,Конструктор LEGO Friends Шкатулка Андреа 41400,829,,https://www.detmir.ru/product/index/id/3226608/
3226726,Конструктор LEGO Star Wars Истребитель типа Х По Дамерона 75273,11389,,https://www.detmir.ru/product/index/id/3226726/
3234224,Конструктор LEGO Trolls Домик-бутон Розочки 41251,2149,,https://www.detmir.ru/product/index/id/3234224/
3244520,Конструктор LEGO Friends Летняя шкатулка Оливии 41412,829,,https://www.detmir.ru/product/index/id/3244520/
3244572,Конструктор LEGO Super Mario Охраняемая крепость 71362,5629,,https://www.detmir.ru/product/index/id/3244572/
3244574,Конструктор LEGO Super Mario Неприятности в крепости Вомпа 71364,2149,,https://www.detmir.ru/product/index/id/3244574/
3244590,Конструктор LEGO Ninjago Каменный робот огня 71720,7789,,https://www.detmir.ru/product/index/id/3244590/
3244602,Конструктор LEGO Star Wars Дроид D-O 75278,7549,,https://www.detmir.ru/product/index/id/3244602/
3405567,Конструктор LEGO Dots Браслет Стильный кактус 41922,589,,https://www.detmir.ru/product/index/id/3405567/
3596781,Конструктор LEGO Friends Лесной дом на колесах и парусная лодка 41681,5389,,https://www.detmir.ru/product/index/id/3596781/
3596968,Конструктор LEGO Super Mario Нокдаун резноров 71390,7789,,https://www.detmir.ru/product/index/id/3596968/
3596969,Конструктор LEGO Super Mario Летучий корабль Боузера 71391,10789,,https://www.detmir.ru/product/index/id/3596969/
3597020,Конструктор LEGO Ninjago Подводный Дар Судьбы 71756,16189,,https://www.detmir.ru/product/index/id/3597020/
3758559,Конструктор LEGO Star Wars TM Штурмовой шаттл Бракованной Партии 75314,11389,,https://www.detmir.ru/product/index/id/3758559/
3108097,Конструктор LEGO Unikitty Юникитти коллекционные фигурки серия 1 в ассортименте 41775,199,,https://www.detmir.ru/product/index/id/3108097/
3226586,Конструктор LEGO Minecraft Патруль разбойников 21160,7789,6499,https://www.detmir.ru/product/index/id/3226586/
3188097,Конструктор LEGO Technic Экстремальный внедорожник 42099,23989,16769,https://www.detmir.ru/product/index/id/3188097/
3405609,Конструктор LEGO Jurassic World Побег галлимима и птеранодона 75940,6589,,https://www.detmir.ru/product/index/id/3405609/
3176040,Конструктор LEGO DUPLO Town Животные мира 10907,10789,,https://www.detmir.ru/product/index/id/3176040/
3386282,Конструктор LEGO Minecraft Торговый пост 21167,2149,,https://www.detmir.ru/product/index/id/3386282/
3226695,Конструктор LEGO City Nitro Wheels Тюнинг-мастерская 60258,10789,,https://www.detmir.ru/product/index/id/3226695/
3244510,Конструктор LEGO Friends Штаб спасателей 41424,8989,,https://www.detmir.ru/product/index/id/3244510/
3142024,Конструктор LEGO DUPLO Town Пожарное депо 10903,5389,,https://www.detmir.ru/product/index/id/3142024/
3405587,Конструктор LEGO City Police Катер полицейского патруля 60277,5389,,https://www.detmir.ru/product/index/id/3405587/
2497101,Конструктор LEGO City Police Мобильный командный центр (60139),3949,,https://www.detmir.ru/product/index/id/2497101/
3226709,Конструктор LEGO Ninjago Скоростные машины Джея и Ллойда 71709,3109,,https://www.detmir.ru/product/index/id/3226709/
3244545,Конструктор LEGO Minions Невероятная погоня на мотоцикле 75549,2149,,https://www.detmir.ru/product/index/id/3244545/
3226653,Конструктор LEGO City Police Полицейский участок 60246,10789,,https://www.detmir.ru/product/index/id/3226653/
3150682,Конструктор LEGO Technic Porsche 911 RSR 42096,16789,,https://www.detmir.ru/product/index/id/3150682/
3596767,Конструктор LEGO Minecraft Современный домик на дереве 21174,13789,,https://www.detmir.ru/product/index/id/3596767/
3405585,Конструктор LEGO City Police Полицейский вертолёт 60275,889,799,https://www.detmir.ru/product/index/id/3405585/
3226750,Конструктор LEGO Speed Champions Lamborghini Urus ST-X Lamborghini Huracan Super Trofeo EVO 76899,6589,,https://www.detmir.ru/product/index/id/3226750/
3405597,Конструктор LEGO Super Heroes Засада Девиантов 76154,1789,,https://www.detmir.ru/product/index/id/3405597/
3596780,Конструктор LEGO Friends Домик в лесу 41679,3109,2599,https://www.detmir.ru/product/index/id/3596780/
3244593,Конструктор LEGO Ninjago Шквал Кружитцу-Коул 70685,949,,https://www.detmir.ru/product/index/id/3244593/
3226630,Конструктор LEGO Technic Шоу трюков на грузовиках и мотоциклах 42106,5629,,https://www.detmir.ru/product/index/id/3226630/
3122102,Конструктор LEGO Harry Potter Побег Грин-де-Вальда 75951,2749,,https://www.detmir.ru/product/index/id/3122102/
3244595,Конструктор LEGO Ninjago Шквал Кружитцу-Ллойд 70687,889,,https://www.detmir.ru/product/index/id/3244595/
3405563,Конструктор LEGO Dots Секретная шкатулка 41924,2109,,https://www.detmir.ru/product/index/id/3405563/
3226727,Конструктор LEGO Super Heroes Железный человек 76140,1189,,https://www.detmir.ru/product/index/id/3226727/
3193103,Конструктор LEGO Hidden Side Трюковый грузовик Эль-Фуэго 70421,3589,,https://www.detmir.ru/product/index/id/3193103/
3226652,Конструктор LEGO City Police Ограбление полицейского монстр-трака 60245,5389,,https://www.detmir.ru/product/index/id/3226652/
3142212,Конструктор LEGO Movie Дом мечты Спасательная ракета Эммета! 70831,5389,,https://www.detmir.ru/product/index/id/3142212/
3226720,Конструктор LEGO Star Wars Боевой набор Мандалорцы 75267,1669,,https://www.detmir.ru/product/index/id/3226720/
3244509,Конструктор LEGO Friends Спасение тигра на воздушном шаре 41423,4309,,https://www.detmir.ru/product/index/id/3244509/
2953981,Конструктор LEGO Friends Горнолыжный курорт: подъёмник (41324),3999,,https://www.detmir.ru/product/index/id/2953981/
3142016,Конструктор LEGO DUPLO My First Мои первые машинки 10886,1909,,https://www.detmir.ru/product/index/id/3142016/
3405581,Конструктор LEGO City Fire Пожарный автомобиль 60279,889,799,https://www.detmir.ru/product/index/id/3405581/
3244517,Конструктор LEGO Friends Модный бутик Эммы 41427,3109,,https://www.detmir.ru/product/index/id/3244517/
3244522,Конструктор LEGO Friends Летняя шкатулка Эммы 41414,829,,https://www.detmir.ru/product/index/id/3244522/
3018880,Конструктор LEGO Мой первый парад животных DUPLO My First (10863),2389,,https://www.detmir.ru/product/index/id/3018880/
3226610,Конструктор LEGO Friends Шкатулка Оливии 41402,829,,https://www.detmir.ru/product/index/id/3226610/
3226611,Конструктор LEGO Friends Шкатулка Мии 41403,829,,https://www.detmir.ru/product/index/id/3226611/
2496501,Конструктор LEGO DC Super Hero Girls Харли Квинн™ спешит на помощь (41231),2989,,https://www.detmir.ru/product/index/id/2496501/
2497251,Конструктор LEGO DUPLO Town Семейный дом (10835),2999,,https://www.detmir.ru/product/index/id/2497251/
3018889,Конструктор LEGO Аэропорт DUPLO Town (10871),2389,,https://www.detmir.ru/product/index/id/3018889/
3092819,Конструктор LEGO Friends Большая гонка 41352,5389,,https://www.detmir.ru/product/index/id/3092819/
3122104,Конструктор LEGO Harry Potter Гремучая ива 75953,7789,,https://www.detmir.ru/product/index/id/3122104/
3142053,Конструктор LEGO City Police Воздушная полиция: кража бриллиантов 60209,4549,,https://www.detmir.ru/product/index/id/3142053/
3142197,Конструктор LEGO City Supplementary Прямой и Т-образный перекресток 60236,949,,https://www.detmir.ru/product/index/id/3142197/
3226644,Конструктор LEGO Disney Princess Книга приключений Анны и Эльзы 43175,2029,,https://www.detmir.ru/product/index/id/3226644/
3244591,Конструктор LEGO Ninjago Дракон чародея-скелета 71721,8989,,https://www.detmir.ru/product/index/id/3244591/
3244614,Конструктор LEGO Technic Lamborghini Sian FKP 37 42115,44149,,https://www.detmir.ru/product/index/id/3244614/
3251240,Конструктор LEGO Friends Игровая шкатулка Покупки Стефани 41406,829,,https://www.detmir.ru/product/index/id/3251240/
618951,Конструктор LEGO Disney Princess Экзотический дворец Жасмин (41061),2749,,https://www.detmir.ru/product/index/id/618951/
